{
              "server": {
                            "server.port": 8080,
                            "server.listener": "216.146.27.228",
                            "server.privateKey": "./resources/server.ppk",
                            "server.application": {
                                          "server.application.name": "Hajime",
                                          "server.application.slaves": {
                                                        "server.application.slaves.port": 7070,
                                                        "server.application.slaves.listener": "216.146.27.228",
                                                        "server.application.slaves.payload": "a361ca"
                                          }
                            }
              },
              
              "database": {
                            "database.file": "./resources/database.sql"
              }
}
