{
              "udpflood": {
                            "method_id": 10,
                            "description": "udp based flood",
                            "flags": [
                                          1, 2, 3
                            ]
              },

              "tcpflood": {
                            "method_id": 11,
                            "description": "tcp based flood",
                            "flags": [
                                          1, 2, 3
                            ]
              },

              "mcflood": {
                            "method_id": 12,
                            "description": "tcp based flood engineered for minecraft servers",
                            "flags": [
                                          2, 3
                            ]
              },

              "vseflood": {
                            "method_id": 13,
                            "description": "udp based value source engine flood",
                            "flags": [
                                          2, 3
                            ]
              },

              "synflood": {
                            "method_id": 14,
                            "description": "tcp syn flood",
                            "flags": [
                                          1, 2, 3, 4
                            ]
              },

              "ackflood": {
                            "method_id": 15,
                            "description": "tcp ack flood",
                            "flags": [
                                          1, 2, 3, 4
                            ]
              }
}