{
              "size": {
                            "id": 1,
                            "description": "specify the size of the payload",
                            "regexp": "^[0-9]+$"
              },

              "dport": {
                            "id": 2,
                            "description": "specify the destination port for the attack",
                            "regexp": "^[0-9]+$"
              },

              "workers": {
                            "id": 3,
                            "description": "amount of workers per device",
                            "regexp": "^[0-9]+$"
              },

              "sport":  {
                            "id": 4,
                            "description": "specify the source port for the attack",
                            "regexp": "^[0-9]+$"
              }
}